sku_id,anchor_image_path,positive_image_path,negative_image_path,anchor_id,positive_id,negative_id,anchor_colors,positive_colors,negative_colors,anchor_color_scores,positive_color_scores,negative_color_scores
1,http://hango.ducdatphat.id.vn/uploads/z6558377446279_59ffb3acbcb7a9c320c9916d78958b79.jpg,1_3d7b201b372c4174843a6ec9f6219e58.jpg,51_5e78b083c6dd4363b8d1e6cd50376039.png,1,296,44,{},{},{},{},{},{}
1,1_b7ec4d798c014957b443aac2cd409f05.jpg,1_f30fe886529b4cffa92c928cc5470997.jpg,50_29f1d3974e3c4410ad85a071f65a12ff.jpg,298,297,199,{},{},{},{},{},{}
1,1_3d7b201b372c4174843a6ec9f6219e58.jpg,1_a3070bbfcc7a49a889485673a17b042e.png,61_0cffb14e51e24fd49a80d3f1f645e099.png,296,112,177,{},{},{},{},{},{}
1,1_a3070bbfcc7a49a889485673a17b042e.png,1_f30fe886529b4cffa92c928cc5470997.jpg,57_9552fa7e9cd14cf5a245136bf02b207a.png,112,297,37,{},{},{},{},{},{}
1,1_b7ec4d798c014957b443aac2cd409f05.jpg,1_f30fe886529b4cffa92c928cc5470997.jpg,5_9d22c6bdd7c24e87b5dbef9b50d29fe3.png,298,297,53,{},{},{},{},{},{}
3,3_836ad79412964175b2df3afaa3e3d59c.png,3_9ee78dc434fd46f3980a5b06a699b28a.jpg,61_6c22821676124b43a080008066c2a039.jpg,52,294,175,{},{},{},{},{},{}
3,3_9ee78dc434fd46f3980a5b06a699b28a.jpg,3_fa980065c7e543eda904c9e875732834.jpg,10_178c137ef5b4415690a174de4fe76377.jpg,294,293,281,{},{},{},{},{},{}
3,3_836ad79412964175b2df3afaa3e3d59c.png,3_4451f437d3234645aae5f4090939bd65.jpg,31_751377ac1f3b4b65b776f8e7a24a187f.png,52,295,82,{},{},{},{},{},{}
3,3_4451f437d3234645aae5f4090939bd65.jpg,3_836ad79412964175b2df3afaa3e3d59c.png,34_50b29a1d11de46468484b13f120a5d95.jpg,295,52,241,{},{},{},{},{},{}
4,4_d8a308ea3b1a461eb8310fd6fdd0b1b7.png,4_3635bba42b354193a922d2ba13c54c3a.jpg,9_61855b02345e49c497423034ac5adc73.jpg,24,148,286,{},{},{},{},{},{}
4,4_df0c5c1b77aa49d3b487df200cb62384.jpg,4_d8a308ea3b1a461eb8310fd6fdd0b1b7.png,14_ccdd51e34faa4fff9ac634d8a57740ed.png,149,24,59,{},{},{},{},{},{}
4,4_30a1d61926254a20ab228eec18ce7e1d.jpg,4_d8a308ea3b1a461eb8310fd6fdd0b1b7.png,38_cc74c11037334e3587a7d92dac8050eb.png,147,24,96,{},{},{},{},{},{}
4,4_df0c5c1b77aa49d3b487df200cb62384.jpg,4_30a1d61926254a20ab228eec18ce7e1d.jpg,15_6e44cbb7044d4135a3ed052aad3c3ea1.png,149,147,60,{},{},{},{},{},{}
5,5_cc411a9a1bdd4f699a6e2bf0e99e89c5.jpg,5_be4a499570ce4f7c9061187bf5392343.jpg,64_daa91135b9394e269e838c2776324411.jpg,290,292,166,{},{},{},{},{},{}
5,5_cc411a9a1bdd4f699a6e2bf0e99e89c5.jpg,5_be4a499570ce4f7c9061187bf5392343.jpg,43_d5a25abf642747cb98ff5d4a4d7b8208.jpg,290,292,220,{},{},{},{},{},{}
5,5_cc411a9a1bdd4f699a6e2bf0e99e89c5.jpg,5_12fe72d8bcec448d99c0ca1debbebd7b.jpg,25_5a165e965e3942b3bba343dd5810c78d.png,290,291,98,{},{},{},{},{},{}
5,5_be4a499570ce4f7c9061187bf5392343.jpg,5_9d22c6bdd7c24e87b5dbef9b50d29fe3.png,44_6463baf116dd4a86a45a35dfc8b8a5c2.png,292,53,62,{},{},{},{},{},{}
6,6_ca1c787544144bc8887e536543556cd5.jpg,6_04e13dbd7a4949378147f0ce47974c4b.jpg,54_7789db722c2c447ebafb6d6e6756387d.png,146,144,40,{},{},{},{},{},{}
6,6_d001e60fae904f288d4258f7ae864483.png,6_50cc76a589644681a921e840597b41ef.jpg,53_7bb23e0b9d5f4c2e9c0a7737aa7b795d.png,51,145,42,{},{},{},{},{},{}
6,6_d001e60fae904f288d4258f7ae864483.png,6_ca1c787544144bc8887e536543556cd5.jpg,55_e3120d6d478646ee909527b1287ec15b.jpg,51,146,140,{},{},{},{},{},{}
6,6_d001e60fae904f288d4258f7ae864483.png,6_50cc76a589644681a921e840597b41ef.jpg,http://hango.ducdatphat.id.vn/uploads/z6558377446279_59ffb3acbcb7a9c320c9916d78958b79.jpg,51,145,1,{},{},{},{},{},{}
7,7_33d44b5d6d564e0a90d8af76e1171fc2.png,7_5fd432576d8b4ffabf54668421639741.jpg,36_4ee21317cc394ab9999e223f13de1d8f.png,54,287,73,{},{},{},{},{},{}
7,7_5fd432576d8b4ffabf54668421639741.jpg,7_33d44b5d6d564e0a90d8af76e1171fc2.png,41_d96551d8f6404cab9711bcb9d6234b04.jpg,287,54,226,{},{},{},{},{},{}
7,7_33d44b5d6d564e0a90d8af76e1171fc2.png,7_172c884a88a049e39a05360f19b06dd3.jpg,9_649e2b1b3059482aabf933e932f272be.png,54,288,55,{},{},{},{},{},{}
7,7_5fd432576d8b4ffabf54668421639741.jpg,7_33d44b5d6d564e0a90d8af76e1171fc2.png,42_c636123536764d1abe82f77b279301ce.jpg,287,54,224,{},{},{},{},{},{}
9,9_ecae084bd69545fb9a5bdf6666dfc681.jpg,9_a1b9a880eaa24156b82f19a8c41194d5.jpg,4_d8a308ea3b1a461eb8310fd6fdd0b1b7.png,284,285,24,{},{},{},{},{},{}
9,9_ecae084bd69545fb9a5bdf6666dfc681.jpg,9_61855b02345e49c497423034ac5adc73.jpg,21_b41cb40eb67f4195a2e3f754ca3af252.jpg,284,286,102,{},{},{},{},{},{}
9,9_a1b9a880eaa24156b82f19a8c41194d5.jpg,9_649e2b1b3059482aabf933e932f272be.png,57_3cc37dcbdff14337a27dc7e1d8f15088.jpg,285,55,143,{},{},{},{},{},{}
9,9_ecae084bd69545fb9a5bdf6666dfc681.jpg,9_649e2b1b3059482aabf933e932f272be.png,25_8bc1a19b59b944649fcef1da8f634db0.png,284,55,249,{},{},{},{},{},{}
10,10_5c9d723065204936bd2f467c2907f4cf.jpg,10_30420623a0804ba597bfd3aaa3b22b24.jpg,31_751377ac1f3b4b65b776f8e7a24a187f.png,283,282,82,{},{},{},{},{},{}
10,10_ec69ff146dad46daadb3766dfa697e96.png,10_178c137ef5b4415690a174de4fe76377.jpg,30_4e6bde865c8f403489b49d24b0044533.png,56,281,87,{},{},{},{},{},{}
10,10_5c9d723065204936bd2f467c2907f4cf.jpg,10_178c137ef5b4415690a174de4fe76377.jpg,9_61855b02345e49c497423034ac5adc73.jpg,283,281,286,{},{},{},{},{},{}
10,10_30420623a0804ba597bfd3aaa3b22b24.jpg,10_5c9d723065204936bd2f467c2907f4cf.jpg,52_eac7becae3684556b09c1059cc28a74e.jpg,282,283,193,{},{},{},{},{},{}
11,11_19fe5eb1cf1d4825a9734ff9990b1db9.png,11_c93d79789dae4cfca30172d40b1333f0.jpg,54_7789db722c2c447ebafb6d6e6756387d.png,57,278,40,{},{},{},{},{},{}
11,11_a3d2cabde6864600923ddb14bdf48c03.jpg,11_55333875fe794309a930cd7c64fa1338.jpg,1_3d7b201b372c4174843a6ec9f6219e58.jpg,279,280,296,{},{},{},{},{},{}
11,11_a3d2cabde6864600923ddb14bdf48c03.jpg,11_55333875fe794309a930cd7c64fa1338.jpg,9_61855b02345e49c497423034ac5adc73.jpg,279,280,286,{},{},{},{},{},{}
11,11_a3d2cabde6864600923ddb14bdf48c03.jpg,11_55333875fe794309a930cd7c64fa1338.jpg,54_b20f297e85a0408e88331990b22bf8d0.jpg,279,280,187,{},{},{},{},{},{}
12,12_f9f42ac609e14f16af2aae06d7662b2c.png,12_d8fafea4915e48fc84630869d96267ef.jpg,37_e65bbc016b524754b0ff95b8eae0e566.png,277,276,233,{},{},{},{},{},{}
12,12_ad7d03c3cb934d5ca3895835008ff8d5.jpg,12_d8fafea4915e48fc84630869d96267ef.jpg,49_b2843b41e0964d538a9eff4a5bd03f6f.jpg,275,276,202,{},{},{},{},{},{}
12,12_ad7d03c3cb934d5ca3895835008ff8d5.jpg,12_d8fafea4915e48fc84630869d96267ef.jpg,3_fa980065c7e543eda904c9e875732834.jpg,275,276,293,{},{},{},{},{},{}
12,12_f9f42ac609e14f16af2aae06d7662b2c.png,12_d8fafea4915e48fc84630869d96267ef.jpg,62_cde8a60372eb430384c74019712cf848.jpg,277,276,173,{},{},{},{},{},{}
15,15_f427bd44e6e74e339ad9f259934de46b.jpg,15_be8dada28abe4055947a2c6c71d7dcce.jpg,10_5c9d723065204936bd2f467c2907f4cf.jpg,269,271,283,{},{},{},{},{},{}
15,15_6e44cbb7044d4135a3ed052aad3c3ea1.png,15_f427bd44e6e74e339ad9f259934de46b.jpg,21_b41cb40eb67f4195a2e3f754ca3af252.jpg,60,269,102,{},{},{},{},{},{}
15,15_f427bd44e6e74e339ad9f259934de46b.jpg,15_b8d5bacb702b425eb08b6731cef6a960.jpg,50_e435eb4e9253430289564945474dccd1.jpg,269,270,198,{},{},{},{},{},{}
15,15_f427bd44e6e74e339ad9f259934de46b.jpg,15_b8d5bacb702b425eb08b6731cef6a960.jpg,42_4f89bd3e56df473f82286b9168ba87bb.jpg,269,270,223,{},{},{},{},{},{}
16,16_a0245a08e5724f079466e868223e0258.png,16_af350ec830b847d8a8be1471e1d0c2d9.jpg,59_55ce0ba94eaa4effad504a97877f2967.jpg,61,268,180,{},{},{},{},{},{}
16,16_7c7da7d501c74e539c07bc09e89f4064.png,16_af350ec830b847d8a8be1471e1d0c2d9.jpg,11_55333875fe794309a930cd7c64fa1338.jpg,267,268,280,{},{},{},{},{},{}
16,16_af350ec830b847d8a8be1471e1d0c2d9.jpg,16_a0245a08e5724f079466e868223e0258.png,53_4bd9c1493e4742eb8f62126e74885fd3.jpg,268,61,190,{},{},{},{},{},{}
17,17_21600b7cc99541828b549cf08b7f7af3.jpg,17_344ab851dc304bef9dc6b6b6f8a19a0f.jpg,50_29f1d3974e3c4410ad85a071f65a12ff.jpg,131,130,199,{},{},{},{},{},{}
17,17_354e6c1fc7d44e3e9452d64d26f5f81d.jpg,17_c6a7a07779054cefbd6c649f2d740cb4.jpg,62_cde8a60372eb430384c74019712cf848.jpg,129,122,173,{},{},{},{},{},{}
17,17_344ab851dc304bef9dc6b6b6f8a19a0f.jpg,17_e8b9cc7c871e46f1a5faaa800d3a1aae.png,57_03015d4086ae4515b24f2f4d4aa7cf54.png,130,111,141,{},{},{},{},{},{}
17,17_21600b7cc99541828b549cf08b7f7af3.jpg,17_344ab851dc304bef9dc6b6b6f8a19a0f.jpg,56_fee6a3f067f14cdea7d4c068ca10efb8.jpg,131,130,185,{},{},{},{},{},{}
17,17_e8b9cc7c871e46f1a5faaa800d3a1aae.png,17_c6a7a07779054cefbd6c649f2d740cb4.jpg,49_a1396cafc0ce43588953feb73d53a82f.jpg,111,122,201,{},{},{},{},{},{}
18,18_d1b2826e9c2946b2a1f46880e43dd691.png,18_d774e5d2107e4a2788919f018473462c.png,3_9ee78dc434fd46f3980a5b06a699b28a.jpg,108,110,294,{},{},{},{},{},{}
18,18_d1b2826e9c2946b2a1f46880e43dd691.png,18_d774e5d2107e4a2788919f018473462c.png,11_c93d79789dae4cfca30172d40b1333f0.jpg,108,110,278,{},{},{},{},{},{}
18,18_d774e5d2107e4a2788919f018473462c.png,18_3cb4625cc5394205aff5823cb1278a8e.png,21_ae00945b9a5f4f20ae60b4da9f33486c.png,110,109,261,{},{},{},{},{},{}
18,18_3cb4625cc5394205aff5823cb1278a8e.png,18_9d652857f7f44232a0646c99f26869ee.jpg,46_9c2f068044a449f5abf9595b6ac07acb.jpg,109,265,211,{},{},{},{},{},{}
18,18_3cb4625cc5394205aff5823cb1278a8e.png,18_9d652857f7f44232a0646c99f26869ee.jpg,37_1977b848c5d64acf9a26e7965f0071d0.png,109,265,72,{},{},{},{},{},{}
19,19_6af5895871d7419788fe14f755d2d840.jpg,19_9ed9b261e9e64656898621ec72b14efc.png,17_21600b7cc99541828b549cf08b7f7af3.jpg,264,106,131,{},{},{},{},{},{}
19,19_c6fdd857dd0342889cd848f03198fe86.png,19_6af5895871d7419788fe14f755d2d840.jpg,22_63a9dac7f1b549f4b2635e72fd4a5260.jpg,107,264,258,{},{},{},{},{},{}
19,19_9ed9b261e9e64656898621ec72b14efc.png,19_c6fdd857dd0342889cd848f03198fe86.png,67_e498774d4bfa4b6d89162a64f6b600ef.png,106,107,27,{},{},{},{},{},{}
20,20_86d1eda91b194912beace77b1ae98e30.jpg,20_82e3c659a71644178502173ad5989730.png,53_56a8cb670e824f1b835978efd32ba93a.jpg,263,105,189,{},{},{},{},{},{}
20,20_82e3c659a71644178502173ad5989730.png,20_86d1eda91b194912beace77b1ae98e30.jpg,19_c6fdd857dd0342889cd848f03198fe86.png,105,263,107,{},{},{},{},{},{}
20,20_82e3c659a71644178502173ad5989730.png,20_86d1eda91b194912beace77b1ae98e30.jpg,53_4b2564dc0c0e4aaeaab7c474478a4c27.jpg,105,263,191,{},{},{},{},{},{}
20,20_86d1eda91b194912beace77b1ae98e30.jpg,20_f7395cfec6ef411f9eb12b854cf09715.jpg,33_c0a4f7e9094d43f7ab88093a5bce2bae.png,263,262,80,{},{},{},{},{},{}
21,21_b41cb40eb67f4195a2e3f754ca3af252.jpg,21_de6f15e004114fb5aa301f31843aaca5.jpg,18_0ee7eb899f5143949726fca9469f129c.jpg,102,260,266,{},{},{},{},{},{}
21,21_de6f15e004114fb5aa301f31843aaca5.jpg,21_69c566331d864b5e8cba11630f91cf59.png,35_2e0f2fc1714444d1938db744c2f238d9.png,260,103,76,{},{},{},{},{},{}
21,21_ae00945b9a5f4f20ae60b4da9f33486c.png,21_69c566331d864b5e8cba11630f91cf59.png,48_0c5646fb8fe14625af1548a1ce26bda6.jpg,261,103,206,{},{},{},{},{},{}
21,21_69c566331d864b5e8cba11630f91cf59.png,21_ae00945b9a5f4f20ae60b4da9f33486c.png,33_c0a4f7e9094d43f7ab88093a5bce2bae.png,103,261,80,{},{},{},{},{},{}
22,22_63a9dac7f1b549f4b2635e72fd4a5260.jpg,22_cddf1d2db0914e71b0f5eebd5854089a.jpg,50_33b7607d45b548d697f85c86dee8d25c.png,258,259,200,{},{},{},{},{},{}
22,22_63a9dac7f1b549f4b2635e72fd4a5260.jpg,22_cddf1d2db0914e71b0f5eebd5854089a.jpg,34_a4867c4347854a7db9f072c358bad5ef.png,258,259,78,{},{},{},{},{},{}
22,22_63a9dac7f1b549f4b2635e72fd4a5260.jpg,22_940356050ae048dd82cd9f3ffe4981d0.jpg,69_6fa7ab8ebd7d45d497e4e6082359c0c1.png,258,257,156,{},{},{},{},{},{}
23,23_a5fef73fb0bb42f3bc780fa8c617e8b9.jpg,23_727b35a0d3064811b400b7161a04635a.jpg,58_da3b6bff1b164287b68818bbc9751a3b.jpg,254,255,152,{},{},{},{},{},{}
23,23_0dcb6a37e0e5419cbcc595c264c13fee.jpg,23_01cc45e907f74699a647f6f1de5e579c.png,17_e8b9cc7c871e46f1a5faaa800d3a1aae.png,253,100,111,{},{},{},{},{},{}
23,23_a5fef73fb0bb42f3bc780fa8c617e8b9.jpg,23_01cc45e907f74699a647f6f1de5e579c.png,72_25514d5de6bb4b71b04d3071d17ca77c.jpg,254,100,127,{},{},{},{},{},{}
23,23_727b35a0d3064811b400b7161a04635a.jpg,23_a5fef73fb0bb42f3bc780fa8c617e8b9.jpg,37_99db388cc5ce427ca89048c6b367ca70.png,255,254,234,{},{},{},{},{},{}
24,24_ebf13a8637174fbcb12e8e5c704545fc.png,24_02835118f6e74720b1a9fdcfa17a4fdb.jpg,56_30e3ffa0001f4762a0088535217b3c52.png,99,252,38,{},{},{},{},{},{}
24,24_02835118f6e74720b1a9fdcfa17a4fdb.jpg,24_ebf13a8637174fbcb12e8e5c704545fc.png,70_29064d21458b4b10a8d651b1fa05f30f.jpg,252,99,153,{},{},{},{},{},{}
24,24_ebf13a8637174fbcb12e8e5c704545fc.png,24_2ef59c7bc5a945db9e5e9841ea77c8d9.jpg,51_993cf99ad6ef46acb5fbf9111dd3fca9.jpg,99,251,197,{},{},{},{},{},{}
25,25_8bc1a19b59b944649fcef1da8f634db0.png,25_57c0b67bf12446fe917e5c6bdaa87c1b.png,51_15a8142242b14364b3e1dbbfc0fb681f.jpg,249,97,196,{},{},{},{},{},{}
25,25_5a165e965e3942b3bba343dd5810c78d.png,25_57c0b67bf12446fe917e5c6bdaa87c1b.png,3_836ad79412964175b2df3afaa3e3d59c.png,98,97,52,{},{},{},{},{},{}
25,25_fc5d2cac02f54d2d90d332006d136d83.jpg,25_8bc1a19b59b944649fcef1da8f634db0.png,30_8ff17979961d49be8f91c2435bc0569c.png,250,249,85,{},{},{},{},{},{}
25,25_fc5d2cac02f54d2d90d332006d136d83.jpg,25_5a165e965e3942b3bba343dd5810c78d.png,48_0c5646fb8fe14625af1548a1ce26bda6.jpg,250,98,206,{},{},{},{},{},{}
26,26_77530f71db064f849e7899e01b608a2b.jpg,26_2e4106c0c440486eb3f90e38ca7668ba.jpg,23_a5fef73fb0bb42f3bc780fa8c617e8b9.jpg,247,248,254,{},{},{},{},{},{}
26,26_2e4106c0c440486eb3f90e38ca7668ba.jpg,26_ced0b696d2bc4d02baa4cce907068090.png,61_5c3e6ef582334fd8afb34b5f47854f2f.png,248,93,33,{},{},{},{},{},{}
26,26_77530f71db064f849e7899e01b608a2b.jpg,26_fb7c0b9124814b649fd00a930bdae730.png,28_df2ba9508c79410ebc03582c449632c6.png,247,92,90,{},{},{},{},{},{}
26,26_77530f71db064f849e7899e01b608a2b.jpg,26_fb7c0b9124814b649fd00a930bdae730.png,47_ab9294ce5a794311b5985b5bbdbcb309.jpg,247,92,209,{},{},{},{},{},{}
28,28_cbe04e289a6449778c5b5551b95b8e6e.png,28_df2ba9508c79410ebc03582c449632c6.png,59_55ce0ba94eaa4effad504a97877f2967.jpg,91,90,180,{},{},{},{},{},{}
28,28_df2ba9508c79410ebc03582c449632c6.png,28_cbe04e289a6449778c5b5551b95b8e6e.png,14_ccdd51e34faa4fff9ac634d8a57740ed.png,90,91,59,{},{},{},{},{},{}
29,29_a6e6859136534c38bebecadccf9bf49d.png,29_8730ae5ed4174923839f6df0f150b70f.png,18_3cb4625cc5394205aff5823cb1278a8e.png,89,246,109,{},{},{},{},{},{}
29,29_a6e6859136534c38bebecadccf9bf49d.png,29_8730ae5ed4174923839f6df0f150b70f.png,7_5fd432576d8b4ffabf54668421639741.jpg,89,246,287,{},{},{},{},{},{}
29,29_c7b1c9071fee409f8b3b537c05700083.jpg,29_8730ae5ed4174923839f6df0f150b70f.png,23_0dcb6a37e0e5419cbcc595c264c13fee.jpg,245,246,253,{},{},{},{},{},{}
29,29_a6e6859136534c38bebecadccf9bf49d.png,29_8730ae5ed4174923839f6df0f150b70f.png,45_5d2ef7f572a3435d947fe8f1d6ace25d.png,89,246,50,{},{},{},{},{},{}
30,30_8ff17979961d49be8f91c2435bc0569c.png,30_017ef659f9f54fa99778f8d326b37244.png,39_84e95dd313d0422ca620af2b1f8d73ad.jpg,85,84,231,{},{},{},{},{},{}
30,30_8ff17979961d49be8f91c2435bc0569c.png,30_017ef659f9f54fa99778f8d326b37244.png,54_fcb1cb4d871d4e6d8fb570ef6725fb60.jpg,85,84,188,{},{},{},{},{},{}
30,30_017ef659f9f54fa99778f8d326b37244.png,30_4e6bde865c8f403489b49d24b0044533.png,40_56134d6d11424837bdaf7e15ef2d57a1.jpg,84,87,230,{},{},{},{},{},{}
30,30_4e6bde865c8f403489b49d24b0044533.png,30_c941461dcc204745807d0d18feb9b2e5.png,65_434aa051f8804b38a64b7429bc2da90d.jpg,87,86,163,{},{},{},{},{},{}
31,31_751377ac1f3b4b65b776f8e7a24a187f.png,31_aab1a65fab6345c2bcfbfd140d9e7ec3.png,20_82e3c659a71644178502173ad5989730.png,82,83,105,{},{},{},{},{},{}
31,31_aab1a65fab6345c2bcfbfd140d9e7ec3.png,31_751377ac1f3b4b65b776f8e7a24a187f.png,73_603137893c2545948b1778d813b03b24.jpg,83,82,123,{},{},{},{},{},{}
32,32_e1b3f5d0780543589333e18f2a7d1946.jpg,32_39330b6aafd64143bcb5ba5399345d06.jpg,64_039200bcc011466cb8ac475b7a2ee584.jpg,242,244,167,{},{},{},{},{},{}
32,32_60d68a03be8d4681886cacdb462b9cac.png,32_39330b6aafd64143bcb5ba5399345d06.jpg,30_4e6bde865c8f403489b49d24b0044533.png,81,244,87,{},{},{},{},{},{}
32,32_39330b6aafd64143bcb5ba5399345d06.jpg,32_a14eff30974c44149e379f982e96c5ae.jpg,45_fb7761ca28c340ea905205060575d756.jpg,244,243,215,{},{},{},{},{},{}
32,32_39330b6aafd64143bcb5ba5399345d06.jpg,32_60d68a03be8d4681886cacdb462b9cac.png,46_f8213f92e30c44c88356ab0090e52862.jpg,244,81,210,{},{},{},{},{},{}
33,33_eeccc299d2bd4f7ab45aaab5c7b51abc.png,33_c0a4f7e9094d43f7ab88093a5bce2bae.png,41_27eb003042544fcbbaa32c69e5751f34.jpg,79,80,227,{},{},{},{},{},{}
33,33_90f8fb934d50441196c675fd4815f22c.jpg,33_eeccc299d2bd4f7ab45aaab5c7b51abc.png,66_7bd60788fa4e48bb92d1cc5a38eb3bb1.png,137,79,28,{},{},{},{},{},{}
33,33_90f8fb934d50441196c675fd4815f22c.jpg,33_c0a4f7e9094d43f7ab88093a5bce2bae.png,12_812d22df77e9447e8f582b5342aaaf9c.png,137,80,58,{},{},{},{},{},{}
34,34_a4867c4347854a7db9f072c358bad5ef.png,34_50b29a1d11de46468484b13f120a5d95.jpg,22_63a9dac7f1b549f4b2635e72fd4a5260.jpg,78,241,258,{},{},{},{},{},{}
34,34_1901bf0e5ae548b399abd025368e3b3e.jpg,34_50b29a1d11de46468484b13f120a5d95.jpg,1_b7ec4d798c014957b443aac2cd409f05.jpg,240,241,298,{},{},{},{},{},{}
34,34_a4867c4347854a7db9f072c358bad5ef.png,34_4a329937b9144b9889d8d93a1eaef9be.png,5_9d22c6bdd7c24e87b5dbef9b50d29fe3.png,78,77,53,{},{},{},{},{},{}
34,34_1901bf0e5ae548b399abd025368e3b3e.jpg,34_a4867c4347854a7db9f072c358bad5ef.png,60_648ab2a7959544a0b54955e20dda0950.jpg,240,78,178,{},{},{},{},{},{}
35,35_7e6caea9d1694eada99ce1781bd01b4f.jpg,35_bd9dd77e9c694b9792cfd1c0958db811.png,41_27eb003042544fcbbaa32c69e5751f34.jpg,238,75,227,{},{},{},{},{},{}
35,35_27f1c83ef1274e5dbc46b3560e20ff2d.jpg,35_2e0f2fc1714444d1938db744c2f238d9.png,48_be6de70c92994096b22a9a647b7fb142.jpg,239,76,204,{},{},{},{},{},{}
35,35_bd9dd77e9c694b9792cfd1c0958db811.png,35_27f1c83ef1274e5dbc46b3560e20ff2d.jpg,17_e8b9cc7c871e46f1a5faaa800d3a1aae.png,75,239,111,{},{},{},{},{},{}
35,35_bd9dd77e9c694b9792cfd1c0958db811.png,35_7e6caea9d1694eada99ce1781bd01b4f.jpg,37_dd0e440ea2a3468a980041b01d1bf20b.png,75,238,71,{},{},{},{},{},{}
36,36_4ee21317cc394ab9999e223f13de1d8f.png,36_225c09e719814a86b225ff29cd03b762.jpg,50_e435eb4e9253430289564945474dccd1.jpg,73,236,198,{},{},{},{},{},{}
36,36_a99e1f935e964a45bb5878ec941b073a.jpg,36_4ee21317cc394ab9999e223f13de1d8f.png,52_df753db14e98466b9749ce24e2e54441.png,237,73,43,{},{},{},{},{},{}
36,36_a94c0fd01f3147738ad4e98ae659fe66.png,36_8809d143b921407db512c499ff9bf6c4.jpg,26_2e4106c0c440486eb3f90e38ca7668ba.jpg,74,235,248,{},{},{},{},{},{}
36,36_a94c0fd01f3147738ad4e98ae659fe66.png,36_8809d143b921407db512c499ff9bf6c4.jpg,31_aab1a65fab6345c2bcfbfd140d9e7ec3.png,74,235,83,{},{},{},{},{},{}
36,36_225c09e719814a86b225ff29cd03b762.jpg,36_a99e1f935e964a45bb5878ec941b073a.jpg,54_fcb1cb4d871d4e6d8fb570ef6725fb60.jpg,236,237,188,{},{},{},{},{},{}
37,37_dd0e440ea2a3468a980041b01d1bf20b.png,37_99db388cc5ce427ca89048c6b367ca70.png,19_9ed9b261e9e64656898621ec72b14efc.png,71,234,106,{},{},{},{},{},{}
37,37_e65bbc016b524754b0ff95b8eae0e566.png,37_99db388cc5ce427ca89048c6b367ca70.png,21_ae00945b9a5f4f20ae60b4da9f33486c.png,233,234,261,{},{},{},{},{},{}
37,37_dd0e440ea2a3468a980041b01d1bf20b.png,37_e65bbc016b524754b0ff95b8eae0e566.png,44_6463baf116dd4a86a45a35dfc8b8a5c2.png,71,233,62,{},{},{},{},{},{}
37,37_dd0e440ea2a3468a980041b01d1bf20b.png,37_99db388cc5ce427ca89048c6b367ca70.png,21_de6f15e004114fb5aa301f31843aaca5.jpg,71,234,260,{},{},{},{},{},{}
38,38_de59daa00e69400b9238ab79074ca4c8.jpg,38_2fe9254e23d04642b0e09831ee1a4920.jpg,16_af350ec830b847d8a8be1471e1d0c2d9.jpg,135,136,268,{},{},{},{},{},{}
38,38_2fe9254e23d04642b0e09831ee1a4920.jpg,38_cc74c11037334e3587a7d92dac8050eb.png,57_03015d4086ae4515b24f2f4d4aa7cf54.png,136,96,141,{},{},{},{},{},{}
38,38_cc74c11037334e3587a7d92dac8050eb.png,38_2fe9254e23d04642b0e09831ee1a4920.jpg,40_1804cbed2fd34d71a488195cdf048219.png,96,136,68,{},{},{},{},{},{}
39,39_08f529d93fcf4b24aedfa8a8f8890938.png,39_2aedf0cabf46432e9169690b30282776.jpg,19_6af5895871d7419788fe14f755d2d840.jpg,69,232,264,{},{},{},{},{},{}
39,39_2aedf0cabf46432e9169690b30282776.jpg,39_5820e46ad51543afb3c9de6046429001.png,40_38c56cf518c444f6aad1d96304655029.jpg,232,70,229,{},{},{},{},{},{}
39,39_08f529d93fcf4b24aedfa8a8f8890938.png,39_2aedf0cabf46432e9169690b30282776.jpg,22_cddf1d2db0914e71b0f5eebd5854089a.jpg,69,232,259,{},{},{},{},{},{}
39,39_2aedf0cabf46432e9169690b30282776.jpg,39_5820e46ad51543afb3c9de6046429001.png,46_8f5e10a9e8e1439891fd44adc700bcac.jpg,232,70,212,{},{},{},{},{},{}
40,40_56134d6d11424837bdaf7e15ef2d57a1.jpg,40_38c56cf518c444f6aad1d96304655029.jpg,18_3cb4625cc5394205aff5823cb1278a8e.png,230,229,109,{},{},{},{},{},{}
40,40_56134d6d11424837bdaf7e15ef2d57a1.jpg,40_d1fdc4e219a04874862ccea09e1b2f51.jpg,31_aab1a65fab6345c2bcfbfd140d9e7ec3.png,230,228,83,{},{},{},{},{},{}
40,40_1804cbed2fd34d71a488195cdf048219.png,40_38c56cf518c444f6aad1d96304655029.jpg,21_ae00945b9a5f4f20ae60b4da9f33486c.png,68,229,261,{},{},{},{},{},{}
40,40_38c56cf518c444f6aad1d96304655029.jpg,40_1804cbed2fd34d71a488195cdf048219.png,52_df753db14e98466b9749ce24e2e54441.png,229,68,43,{},{},{},{},{},{}
41,41_e80b1f0e6df94a3b9ea2760c5e354938.png,41_27eb003042544fcbbaa32c69e5751f34.jpg,17_354e6c1fc7d44e3e9452d64d26f5f81d.jpg,67,227,129,{},{},{},{},{},{}
41,41_f513df75fcfd47eab07dc9e4469d9a44.png,41_e80b1f0e6df94a3b9ea2760c5e354938.png,50_e435eb4e9253430289564945474dccd1.jpg,66,67,198,{},{},{},{},{},{}
41,41_27eb003042544fcbbaa32c69e5751f34.jpg,41_e80b1f0e6df94a3b9ea2760c5e354938.png,40_38c56cf518c444f6aad1d96304655029.jpg,227,67,229,{},{},{},{},{},{}
41,41_e80b1f0e6df94a3b9ea2760c5e354938.png,41_3c9d7d16b3184fdf82055f683f41800b.jpg,11_19fe5eb1cf1d4825a9734ff9990b1db9.png,67,225,57,{},{},{},{},{},{}
41,41_e80b1f0e6df94a3b9ea2760c5e354938.png,41_27eb003042544fcbbaa32c69e5751f34.jpg,57_03015d4086ae4515b24f2f4d4aa7cf54.png,67,227,141,{},{},{},{},{},{}
42,42_c636123536764d1abe82f77b279301ce.jpg,42_c3a857bda97448cca39becfb32bd0f2a.png,30_017ef659f9f54fa99778f8d326b37244.png,224,65,84,{},{},{},{},{},{}
42,42_c636123536764d1abe82f77b279301ce.jpg,42_9092cf6cdf74478085fcd7cf7068dd9e.png,10_178c137ef5b4415690a174de4fe76377.jpg,224,64,281,{},{},{},{},{},{}
42,42_c636123536764d1abe82f77b279301ce.jpg,42_4f89bd3e56df473f82286b9168ba87bb.jpg,28_cbe04e289a6449778c5b5551b95b8e6e.png,224,223,91,{},{},{},{},{},{}
42,42_c636123536764d1abe82f77b279301ce.jpg,42_c3a857bda97448cca39becfb32bd0f2a.png,7_6adfbc5bb59f4274b92483441ab2f5e9.jpg,224,65,289,{},{},{},{},{},{}
42,42_c3a857bda97448cca39becfb32bd0f2a.png,42_9e1cd50acf2e467880bd16b8b9a155ca.jpg,36_a94c0fd01f3147738ad4e98ae659fe66.png,65,222,74,{},{},{},{},{},{}
43,43_5041a6eb6672484691a3e98a9bf44c46.jpg,43_cdda8df6c9ac4cc29fc2837c072ac41d.jpg,51_993cf99ad6ef46acb5fbf9111dd3fca9.jpg,221,219,197,{},{},{},{},{},{}
43,43_5041a6eb6672484691a3e98a9bf44c46.jpg,43_d5a25abf642747cb98ff5d4a4d7b8208.jpg,56_30e3ffa0001f4762a0088535217b3c52.png,221,220,38,{},{},{},{},{},{}
43,43_3f5bf0912f5f4a42bff2d3d5fb87c520.png,43_d5a25abf642747cb98ff5d4a4d7b8208.jpg,48_0c5646fb8fe14625af1548a1ce26bda6.jpg,63,220,206,{},{},{},{},{},{}
43,43_d5a25abf642747cb98ff5d4a4d7b8208.jpg,43_cdda8df6c9ac4cc29fc2837c072ac41d.jpg,33_eeccc299d2bd4f7ab45aaab5c7b51abc.png,220,219,79,{},{},{},{},{},{}
44,44_6463baf116dd4a86a45a35dfc8b8a5c2.png,44_d963fa0a34f34ce39559c499980a9c5a.jpg,24_ebf13a8637174fbcb12e8e5c704545fc.png,62,218,99,{},{},{},{},{},{}
44,44_e4c008c9e2b84614af5db9a1bc234b46.jpg,44_6463baf116dd4a86a45a35dfc8b8a5c2.png,28_df2ba9508c79410ebc03582c449632c6.png,217,62,90,{},{},{},{},{},{}
44,44_e4c008c9e2b84614af5db9a1bc234b46.jpg,44_6a490f1c1609417296c0ce9f45026906.jpg,54_fcb1cb4d871d4e6d8fb570ef6725fb60.jpg,217,216,188,{},{},{},{},{},{}
44,44_6a490f1c1609417296c0ce9f45026906.jpg,44_d963fa0a34f34ce39559c499980a9c5a.jpg,15_be8dada28abe4055947a2c6c71d7dcce.jpg,216,218,271,{},{},{},{},{},{}
45,45_fb7761ca28c340ea905205060575d756.jpg,45_4c605bfd4f14469fa008046002bcb36e.png,38_de59daa00e69400b9238ab79074ca4c8.jpg,215,214,135,{},{},{},{},{},{}
45,45_4c605bfd4f14469fa008046002bcb36e.png,45_5d2ef7f572a3435d947fe8f1d6ace25d.png,11_c93d79789dae4cfca30172d40b1333f0.jpg,214,50,278,{},{},{},{},{},{}
45,45_5d2ef7f572a3435d947fe8f1d6ace25d.png,45_d4c16165536540e2a73373eb77718e03.jpg,26_77530f71db064f849e7899e01b608a2b.jpg,50,213,247,{},{},{},{},{},{}
45,45_5d2ef7f572a3435d947fe8f1d6ace25d.png,45_d4c16165536540e2a73373eb77718e03.jpg,29_a6e6859136534c38bebecadccf9bf49d.png,50,213,89,{},{},{},{},{},{}
46,46_9c2f068044a449f5abf9595b6ac07acb.jpg,46_8f5e10a9e8e1439891fd44adc700bcac.jpg,23_01cc45e907f74699a647f6f1de5e579c.png,211,212,100,{},{},{},{},{},{}
46,46_e890f83d8cc641feb449824ec6756f61.png,46_8f5e10a9e8e1439891fd44adc700bcac.jpg,17_344ab851dc304bef9dc6b6b6f8a19a0f.jpg,49,212,130,{},{},{},{},{},{}
46,46_8f5e10a9e8e1439891fd44adc700bcac.jpg,46_e890f83d8cc641feb449824ec6756f61.png,47_eaa84bf8e4a6447ba30bd8e5fb584cce.jpg,212,49,208,{},{},{},{},{},{}
46,46_8f5e10a9e8e1439891fd44adc700bcac.jpg,46_9c2f068044a449f5abf9595b6ac07acb.jpg,33_c0a4f7e9094d43f7ab88093a5bce2bae.png,212,211,80,{},{},{},{},{},{}
47,47_57126f13b102469eb06f4fcea2c09fd0.png,47_eaa84bf8e4a6447ba30bd8e5fb584cce.jpg,66_8acab3a82345415eb8db6ff16688b74e.jpg,48,208,162,{},{},{},{},{},{}
47,47_eaa84bf8e4a6447ba30bd8e5fb584cce.jpg,47_5e533007b7af4b4f9702aa377cfb6c12.png,14_ccdd51e34faa4fff9ac634d8a57740ed.png,208,207,59,{},{},{},{},{},{}
47,47_eaa84bf8e4a6447ba30bd8e5fb584cce.jpg,47_5e533007b7af4b4f9702aa377cfb6c12.png,70_1b0cff24eaef4d4895aac13ca0bef4c7.jpg,208,207,154,{},{},{},{},{},{}
47,47_eaa84bf8e4a6447ba30bd8e5fb584cce.jpg,47_57126f13b102469eb06f4fcea2c09fd0.png,10_30420623a0804ba597bfd3aaa3b22b24.jpg,208,48,282,{},{},{},{},{},{}
48,48_be6de70c92994096b22a9a647b7fb142.jpg,48_9a69b2864f064f8587f7e924dbc2df5f.png,24_02835118f6e74720b1a9fdcfa17a4fdb.jpg,204,47,252,{},{},{},{},{},{}
48,48_be6de70c92994096b22a9a647b7fb142.jpg,48_0c5646fb8fe14625af1548a1ce26bda6.jpg,72_32f62a5bae1648a79bd47e4c392cbe1f.jpg,204,206,126,{},{},{},{},{},{}
48,48_be6de70c92994096b22a9a647b7fb142.jpg,48_0c5646fb8fe14625af1548a1ce26bda6.jpg,7_5fd432576d8b4ffabf54668421639741.jpg,204,206,287,{},{},{},{},{},{}
48,48_56ebd66f4a3248189c5cebaa8f8bad01.jpg,48_0c5646fb8fe14625af1548a1ce26bda6.jpg,28_cbe04e289a6449778c5b5551b95b8e6e.png,205,206,91,{},{},{},{},{},{}
49,49_9b93c6ac571c4d4793310df5309a5bac.jpg,49_a1396cafc0ce43588953feb73d53a82f.jpg,7_5fd432576d8b4ffabf54668421639741.jpg,203,201,287,{},{},{},{},{},{}
49,49_3177d406874b45e6afde2ecba1255c54.png,49_9b93c6ac571c4d4793310df5309a5bac.jpg,60_648ab2a7959544a0b54955e20dda0950.jpg,46,203,178,{},{},{},{},{},{}
49,49_3177d406874b45e6afde2ecba1255c54.png,49_a1396cafc0ce43588953feb73d53a82f.jpg,42_c3a857bda97448cca39becfb32bd0f2a.png,46,201,65,{},{},{},{},{},{}
49,49_b2843b41e0964d538a9eff4a5bd03f6f.jpg,49_a1396cafc0ce43588953feb73d53a82f.jpg,20_f7395cfec6ef411f9eb12b854cf09715.jpg,202,201,262,{},{},{},{},{},{}
50,50_e435eb4e9253430289564945474dccd1.jpg,50_29f1d3974e3c4410ad85a071f65a12ff.jpg,43_d5a25abf642747cb98ff5d4a4d7b8208.jpg,198,199,220,{},{},{},{},{},{}
50,50_33b7607d45b548d697f85c86dee8d25c.png,50_29f1d3974e3c4410ad85a071f65a12ff.jpg,63_1b06634138204f4a8402c493a4fcddb8.jpg,200,199,171,{},{},{},{},{},{}
50,50_29f1d3974e3c4410ad85a071f65a12ff.jpg,50_e435eb4e9253430289564945474dccd1.jpg,40_38c56cf518c444f6aad1d96304655029.jpg,199,198,229,{},{},{},{},{},{}
50,50_02135ad1b6ab4b7aa154346e86f3cb94.png,50_e435eb4e9253430289564945474dccd1.jpg,69_b04d3fe886484b6b90a7224f4e772f65.png,45,198,157,{},{},{},{},{},{}
51,51_993cf99ad6ef46acb5fbf9111dd3fca9.jpg,51_15a8142242b14364b3e1dbbfc0fb681f.jpg,55_b34e4d4246da4eff91bbb891ddc06187.png,197,196,139,{},{},{},{},{},{}
51,51_5e78b083c6dd4363b8d1e6cd50376039.png,51_15a8142242b14364b3e1dbbfc0fb681f.jpg,3_9ee78dc434fd46f3980a5b06a699b28a.jpg,44,196,294,{},{},{},{},{},{}
51,51_15a8142242b14364b3e1dbbfc0fb681f.jpg,51_9b9491edffa74a78bb47bf3380465d1d.jpg,54_b20f297e85a0408e88331990b22bf8d0.jpg,196,195,187,{},{},{},{},{},{}
51,51_9b9491edffa74a78bb47bf3380465d1d.jpg,51_993cf99ad6ef46acb5fbf9111dd3fca9.jpg,34_4a329937b9144b9889d8d93a1eaef9be.png,195,197,77,{},{},{},{},{},{}
52,52_eac7becae3684556b09c1059cc28a74e.jpg,52_8ac78ab6b7af4de1bc3f22deba7705ed.jpg,32_e1b3f5d0780543589333e18f2a7d1946.jpg,193,194,242,{},{},{},{},{},{}
52,52_de98c946a5d64af38d41514d21777dee.jpg,52_8ac78ab6b7af4de1bc3f22deba7705ed.jpg,60_314bad32b5f84695a168811b12d8e255.jpg,192,194,179,{},{},{},{},{},{}
52,52_df753db14e98466b9749ce24e2e54441.png,52_de98c946a5d64af38d41514d21777dee.jpg,54_fcb1cb4d871d4e6d8fb570ef6725fb60.jpg,43,192,188,{},{},{},{},{},{}
52,52_8ac78ab6b7af4de1bc3f22deba7705ed.jpg,52_df753db14e98466b9749ce24e2e54441.png,37_1977b848c5d64acf9a26e7965f0071d0.png,194,43,72,{},{},{},{},{},{}
53,53_7bb23e0b9d5f4c2e9c0a7737aa7b795d.png,53_4bd9c1493e4742eb8f62126e74885fd3.jpg,20_82e3c659a71644178502173ad5989730.png,42,190,105,{},{},{},{},{},{}
53,53_4b2564dc0c0e4aaeaab7c474478a4c27.jpg,53_7bb23e0b9d5f4c2e9c0a7737aa7b795d.png,52_eac7becae3684556b09c1059cc28a74e.jpg,191,42,193,{},{},{},{},{},{}
53,53_4b2564dc0c0e4aaeaab7c474478a4c27.jpg,53_4bd9c1493e4742eb8f62126e74885fd3.jpg,40_56134d6d11424837bdaf7e15ef2d57a1.jpg,191,190,230,{},{},{},{},{},{}
53,53_7bb23e0b9d5f4c2e9c0a7737aa7b795d.png,53_56a8cb670e824f1b835978efd32ba93a.jpg,67_c6028570161b4f98ad9107e41f3a5865.jpg,42,189,159,{},{},{},{},{},{}
54,54_b20f297e85a0408e88331990b22bf8d0.jpg,54_fcb1cb4d871d4e6d8fb570ef6725fb60.jpg,26_2e4106c0c440486eb3f90e38ca7668ba.jpg,187,188,248,{},{},{},{},{},{}
54,54_7789db722c2c447ebafb6d6e6756387d.png,54_fcb1cb4d871d4e6d8fb570ef6725fb60.jpg,64_daa91135b9394e269e838c2776324411.jpg,40,188,166,{},{},{},{},{},{}
54,54_7789db722c2c447ebafb6d6e6756387d.png,54_fcb1cb4d871d4e6d8fb570ef6725fb60.jpg,9_ecae084bd69545fb9a5bdf6666dfc681.jpg,40,188,284,{},{},{},{},{},{}
54,54_7789db722c2c447ebafb6d6e6756387d.png,54_b20f297e85a0408e88331990b22bf8d0.jpg,9_ecae084bd69545fb9a5bdf6666dfc681.jpg,40,187,284,{},{},{},{},{},{}
55,55_b34e4d4246da4eff91bbb891ddc06187.png,55_5b3db10127754819a7b4e3793278cac9.png,47_eaa84bf8e4a6447ba30bd8e5fb584cce.jpg,139,39,208,{},{},{},{},{},{}
55,55_b34e4d4246da4eff91bbb891ddc06187.png,55_5b3db10127754819a7b4e3793278cac9.png,43_cdda8df6c9ac4cc29fc2837c072ac41d.jpg,139,39,219,{},{},{},{},{},{}
55,55_b34e4d4246da4eff91bbb891ddc06187.png,55_0b7c1fd27cba46f89098072ef2c8f730.png,42_9092cf6cdf74478085fcd7cf7068dd9e.png,139,138,64,{},{},{},{},{},{}
55,55_e3120d6d478646ee909527b1287ec15b.jpg,55_b34e4d4246da4eff91bbb891ddc06187.png,16_af350ec830b847d8a8be1471e1d0c2d9.jpg,140,139,268,{},{},{},{},{},{}
56,56_0faab56a03314728b01a4eba9ae56209.jpg,56_fee6a3f067f14cdea7d4c068ca10efb8.jpg,7_5fd432576d8b4ffabf54668421639741.jpg,184,185,287,{},{},{},{},{},{}
56,56_0faab56a03314728b01a4eba9ae56209.jpg,56_30e3ffa0001f4762a0088535217b3c52.png,45_4c605bfd4f14469fa008046002bcb36e.png,184,38,214,{},{},{},{},{},{}
56,56_fee6a3f067f14cdea7d4c068ca10efb8.jpg,56_30e3ffa0001f4762a0088535217b3c52.png,45_5d2ef7f572a3435d947fe8f1d6ace25d.png,185,38,50,{},{},{},{},{},{}
56,56_30e3ffa0001f4762a0088535217b3c52.png,56_62c6d348e26f4916839f82d28b3e4a7d.jpg,25_8bc1a19b59b944649fcef1da8f634db0.png,38,183,249,{},{},{},{},{},{}
57,57_03015d4086ae4515b24f2f4d4aa7cf54.png,57_4081d39bdeb9403599fc0e8f63619aec.jpg,26_77530f71db064f849e7899e01b608a2b.jpg,141,142,247,{},{},{},{},{},{}
57,57_3cc37dcbdff14337a27dc7e1d8f15088.jpg,57_03015d4086ae4515b24f2f4d4aa7cf54.png,35_7e6caea9d1694eada99ce1781bd01b4f.jpg,143,141,238,{},{},{},{},{},{}
57,57_4081d39bdeb9403599fc0e8f63619aec.jpg,57_3cc37dcbdff14337a27dc7e1d8f15088.jpg,38_de59daa00e69400b9238ab79074ca4c8.jpg,142,143,135,{},{},{},{},{},{}
57,57_03015d4086ae4515b24f2f4d4aa7cf54.png,57_3cc37dcbdff14337a27dc7e1d8f15088.jpg,12_812d22df77e9447e8f582b5342aaaf9c.png,141,143,58,{},{},{},{},{},{}
58,58_da3b6bff1b164287b68818bbc9751a3b.jpg,58_85bae37720c6494abf3e50885bd08c62.jpg,64_f2e3d2bb0802411cafe9a74e6e480a07.png,152,150,168,{},{},{},{},{},{}
58,58_da3b6bff1b164287b68818bbc9751a3b.jpg,58_85bae37720c6494abf3e50885bd08c62.jpg,23_01cc45e907f74699a647f6f1de5e579c.png,152,150,100,{},{},{},{},{},{}
58,58_5ed2f9f8dcc44d31a43ca5eeeccea539.jpg,58_da3b6bff1b164287b68818bbc9751a3b.jpg,41_3c9d7d16b3184fdf82055f683f41800b.jpg,151,152,225,{},{},{},{},{},{}
58,58_da3b6bff1b164287b68818bbc9751a3b.jpg,58_5ed2f9f8dcc44d31a43ca5eeeccea539.jpg,9_649e2b1b3059482aabf933e932f272be.png,152,151,55,{},{},{},{},{},{}
59,59_830ed440fb1e4cf5ace41464c4fa650f.png,59_586e2216e16e43319f9acbbfb97c7970.jpg,31_aab1a65fab6345c2bcfbfd140d9e7ec3.png,182,181,83,{},{},{},{},{},{}
59,59_830ed440fb1e4cf5ace41464c4fa650f.png,59_586e2216e16e43319f9acbbfb97c7970.jpg,73_15ff39b73e554f739675a833aa52fa73.png,182,181,124,{},{},{},{},{},{}
59,59_55ce0ba94eaa4effad504a97877f2967.jpg,59_830ed440fb1e4cf5ace41464c4fa650f.png,44_d963fa0a34f34ce39559c499980a9c5a.jpg,180,182,218,{},{},{},{},{},{}
59,59_f9b52dc1190e4b5e8c6b9871c570013e.png,59_830ed440fb1e4cf5ace41464c4fa650f.png,41_f513df75fcfd47eab07dc9e4469d9a44.png,35,182,66,{},{},{},{},{},{}
60,60_70b5862eab3a4805a1d3308cbc8063bf.png,60_314bad32b5f84695a168811b12d8e255.jpg,17_e8b9cc7c871e46f1a5faaa800d3a1aae.png,34,179,111,{},{},{},{},{},{}
60,60_314bad32b5f84695a168811b12d8e255.jpg,60_70b5862eab3a4805a1d3308cbc8063bf.png,45_4c605bfd4f14469fa008046002bcb36e.png,179,34,214,{},{},{},{},{},{}
60,60_70b5862eab3a4805a1d3308cbc8063bf.png,60_314bad32b5f84695a168811b12d8e255.jpg,25_57c0b67bf12446fe917e5c6bdaa87c1b.png,34,179,97,{},{},{},{},{},{}
61,61_6c22821676124b43a080008066c2a039.jpg,61_5c3e6ef582334fd8afb34b5f47854f2f.png,32_e1b3f5d0780543589333e18f2a7d1946.jpg,175,33,242,{},{},{},{},{},{}
61,61_0cffb14e51e24fd49a80d3f1f645e099.png,61_3116f08b0e0c4bf4912b7c1c61113a90.jpg,52_eac7becae3684556b09c1059cc28a74e.jpg,177,176,193,{},{},{},{},{},{}
61,61_5c3e6ef582334fd8afb34b5f47854f2f.png,61_6c22821676124b43a080008066c2a039.jpg,64_daa91135b9394e269e838c2776324411.jpg,33,175,166,{},{},{},{},{},{}
61,61_0cffb14e51e24fd49a80d3f1f645e099.png,61_6c22821676124b43a080008066c2a039.jpg,44_e4c008c9e2b84614af5db9a1bc234b46.jpg,177,175,217,{},{},{},{},{},{}
62,62_19c8c18c270d4c01ae16ef34729b4700.jpg,62_e3415464bd8a4203a8f119c9a583fabc.jpg,33_90f8fb934d50441196c675fd4815f22c.jpg,172,174,137,{},{},{},{},{},{}
62,62_e3415464bd8a4203a8f119c9a583fabc.jpg,62_19c8c18c270d4c01ae16ef34729b4700.jpg,60_70b5862eab3a4805a1d3308cbc8063bf.png,174,172,34,{},{},{},{},{},{}
62,62_cde8a60372eb430384c74019712cf848.jpg,62_19c8c18c270d4c01ae16ef34729b4700.jpg,29_c7b1c9071fee409f8b3b537c05700083.jpg,173,172,245,{},{},{},{},{},{}
62,62_9791c43b37664633a163e895d7918c83.png,62_19c8c18c270d4c01ae16ef34729b4700.jpg,14_ccdd51e34faa4fff9ac634d8a57740ed.png,32,172,59,{},{},{},{},{},{}
63,63_d15ee23ec55b4f6f83f19690007f44c6.jpg,63_63dd59c9c1b9479b86f1098fa37079e7.jpg,4_d8a308ea3b1a461eb8310fd6fdd0b1b7.png,170,169,24,{},{},{},{},{},{}
63,63_a4f1876e949e47449c6eadab9d39387f.png,63_1b06634138204f4a8402c493a4fcddb8.jpg,17_344ab851dc304bef9dc6b6b6f8a19a0f.jpg,31,171,130,{},{},{},{},{},{}
63,63_a4f1876e949e47449c6eadab9d39387f.png,63_d15ee23ec55b4f6f83f19690007f44c6.jpg,23_01cc45e907f74699a647f6f1de5e579c.png,31,170,100,{},{},{},{},{},{}
63,63_63dd59c9c1b9479b86f1098fa37079e7.jpg,63_a4f1876e949e47449c6eadab9d39387f.png,12_ad7d03c3cb934d5ca3895835008ff8d5.jpg,169,31,275,{},{},{},{},{},{}
64,64_f2e3d2bb0802411cafe9a74e6e480a07.png,64_4781134e30704717953a8afa648b9c6f.png,25_57c0b67bf12446fe917e5c6bdaa87c1b.png,168,30,97,{},{},{},{},{},{}
64,64_daa91135b9394e269e838c2776324411.jpg,64_4781134e30704717953a8afa648b9c6f.png,15_6e44cbb7044d4135a3ed052aad3c3ea1.png,166,30,60,{},{},{},{},{},{}
64,64_039200bcc011466cb8ac475b7a2ee584.jpg,64_daa91135b9394e269e838c2776324411.jpg,38_2fe9254e23d04642b0e09831ee1a4920.jpg,167,166,136,{},{},{},{},{},{}
64,64_f2e3d2bb0802411cafe9a74e6e480a07.png,64_4781134e30704717953a8afa648b9c6f.png,39_08f529d93fcf4b24aedfa8a8f8890938.png,168,30,69,{},{},{},{},{},{}
65,65_60fdcedfcb234806a1bdc087cf721ac6.jpg,65_3677f45f5c2e495dad7ef231a085031d.png,45_fb7761ca28c340ea905205060575d756.jpg,165,29,215,{},{},{},{},{},{}
65,65_60fdcedfcb234806a1bdc087cf721ac6.jpg,65_514df30b10b640ceb6e125090b50a3f1.jpg,64_daa91135b9394e269e838c2776324411.jpg,165,164,166,{},{},{},{},{},{}
65,65_60fdcedfcb234806a1bdc087cf721ac6.jpg,65_3677f45f5c2e495dad7ef231a085031d.png,44_e4c008c9e2b84614af5db9a1bc234b46.jpg,165,29,217,{},{},{},{},{},{}
65,65_3677f45f5c2e495dad7ef231a085031d.png,65_434aa051f8804b38a64b7429bc2da90d.jpg,17_344ab851dc304bef9dc6b6b6f8a19a0f.jpg,29,163,130,{},{},{},{},{},{}
66,66_191bb706520d4dd8bbf791884796fb51.jpg,66_aba1f1c67aed46df86cc7566971bdceb.jpg,53_56a8cb670e824f1b835978efd32ba93a.jpg,161,160,189,{},{},{},{},{},{}
66,66_7bd60788fa4e48bb92d1cc5a38eb3bb1.png,66_191bb706520d4dd8bbf791884796fb51.jpg,34_1901bf0e5ae548b399abd025368e3b3e.jpg,28,161,240,{},{},{},{},{},{}
66,66_8acab3a82345415eb8db6ff16688b74e.jpg,66_191bb706520d4dd8bbf791884796fb51.jpg,36_a99e1f935e964a45bb5878ec941b073a.jpg,162,161,237,{},{},{},{},{},{}
66,66_8acab3a82345415eb8db6ff16688b74e.jpg,66_7bd60788fa4e48bb92d1cc5a38eb3bb1.png,26_77530f71db064f849e7899e01b608a2b.jpg,162,28,247,{},{},{},{},{},{}
67,67_e498774d4bfa4b6d89162a64f6b600ef.png,67_c6028570161b4f98ad9107e41f3a5865.jpg,62_9791c43b37664633a163e895d7918c83.png,27,159,32,{},{},{},{},{},{}
67,67_c6028570161b4f98ad9107e41f3a5865.jpg,67_e498774d4bfa4b6d89162a64f6b600ef.png,51_15a8142242b14364b3e1dbbfc0fb681f.jpg,159,27,196,{},{},{},{},{},{}
69,69_b04d3fe886484b6b90a7224f4e772f65.png,69_6fa7ab8ebd7d45d497e4e6082359c0c1.png,47_eaa84bf8e4a6447ba30bd8e5fb584cce.jpg,157,156,208,{},{},{},{},{},{}
69,69_b04d3fe886484b6b90a7224f4e772f65.png,69_6fa7ab8ebd7d45d497e4e6082359c0c1.png,14_ccdd51e34faa4fff9ac634d8a57740ed.png,157,156,59,{},{},{},{},{},{}
69,69_6fa7ab8ebd7d45d497e4e6082359c0c1.png,69_f8b0e16cd5324a119cb9ca50e429f909.jpg,23_a5fef73fb0bb42f3bc780fa8c617e8b9.jpg,156,158,254,{},{},{},{},{},{}
69,69_f8b0e16cd5324a119cb9ca50e429f909.jpg,69_6fa7ab8ebd7d45d497e4e6082359c0c1.png,55_b34e4d4246da4eff91bbb891ddc06187.png,158,156,139,{},{},{},{},{},{}
70,70_1b0cff24eaef4d4895aac13ca0bef4c7.jpg,70_a6737cfd176c4e0194209066a859c904.jpg,38_de59daa00e69400b9238ab79074ca4c8.jpg,154,155,135,{},{},{},{},{},{}
70,70_2bb6526cdd5b417cb77ea72504801ced.png,70_29064d21458b4b10a8d651b1fa05f30f.jpg,40_1804cbed2fd34d71a488195cdf048219.png,25,153,68,{},{},{},{},{},{}
70,70_2bb6526cdd5b417cb77ea72504801ced.png,70_29064d21458b4b10a8d651b1fa05f30f.jpg,25_fc5d2cac02f54d2d90d332006d136d83.jpg,25,153,250,{},{},{},{},{},{}
70,70_a6737cfd176c4e0194209066a859c904.jpg,70_29064d21458b4b10a8d651b1fa05f30f.jpg,16_a0245a08e5724f079466e868223e0258.png,155,153,61,{},{},{},{},{},{}
71,71_e4b4ddd1e49942a2b4c64a42c73481fa.jpg,71_13a24c9514c74319b8bb900404ab31f2.jpg,70_2bb6526cdd5b417cb77ea72504801ced.png,134,133,25,{},{},{},{},{},{}
71,71_e4b4ddd1e49942a2b4c64a42c73481fa.jpg,71_13a24c9514c74319b8bb900404ab31f2.jpg,57_3cc37dcbdff14337a27dc7e1d8f15088.jpg,134,133,143,{},{},{},{},{},{}
71,71_13a24c9514c74319b8bb900404ab31f2.jpg,71_e4b4ddd1e49942a2b4c64a42c73481fa.jpg,20_f7395cfec6ef411f9eb12b854cf09715.jpg,133,134,262,{},{},{},{},{},{}
71,71_e4b4ddd1e49942a2b4c64a42c73481fa.jpg,71_41dfd4e82d2841208c1659013a566bc5.jpg,49_a1396cafc0ce43588953feb73d53a82f.jpg,134,132,201,{},{},{},{},{},{}
72,72_25514d5de6bb4b71b04d3071d17ca77c.jpg,72_d1b5d89dff0b4c6096bc19ef01eb0ec0.jpg,52_de98c946a5d64af38d41514d21777dee.jpg,127,121,192,{},{},{},{},{},{}
72,72_25514d5de6bb4b71b04d3071d17ca77c.jpg,72_d1b5d89dff0b4c6096bc19ef01eb0ec0.jpg,60_70b5862eab3a4805a1d3308cbc8063bf.png,127,121,34,{},{},{},{},{},{}
72,72_b2cf711e2cba48faa266659c5f331eb3.jpg,72_32f62a5bae1648a79bd47e4c392cbe1f.jpg,10_178c137ef5b4415690a174de4fe76377.jpg,128,126,281,{},{},{},{},{},{}
72,72_32f62a5bae1648a79bd47e4c392cbe1f.jpg,72_b2cf711e2cba48faa266659c5f331eb3.jpg,4_d8a308ea3b1a461eb8310fd6fdd0b1b7.png,126,128,24,{},{},{},{},{},{}
73,73_603137893c2545948b1778d813b03b24.jpg,73_80ece63556c34a928b14930574084466.jpg,38_2fe9254e23d04642b0e09831ee1a4920.jpg,123,125,136,{},{},{},{},{},{}
73,73_80ece63556c34a928b14930574084466.jpg,73_603137893c2545948b1778d813b03b24.jpg,24_ebf13a8637174fbcb12e8e5c704545fc.png,125,123,99,{},{},{},{},{},{}
73,73_15ff39b73e554f739675a833aa52fa73.png,73_603137893c2545948b1778d813b03b24.jpg,23_0dcb6a37e0e5419cbcc595c264c13fee.jpg,124,123,253,{},{},{},{},{},{}
